<?xml version="1.0" encoding="ascii"?>
<history><client name="pkg" version="1.122.2-57.2889"><args><arg><![CDATA[/export/home/BUILD_AREA/workspace/gf-lw-build-release/pkg-toolkit-sunos-sparc/pkg/bin/client.py]]></arg><arg><![CDATA[install]]></arg><arg><![CDATA[glassfish-grizzly-full]]></arg></args></client><operation end_time="20150919T184911Z" name="install" result="Succeeded" start_time="20150919T184910Z" userid="143" username="java_re"><start_state><![CDATA[UNEVALUATED:
+pkg:/glassfish-grizzly-full@2.3.19,0-0:20150919T172825Z
]]></start_state><end_state><![CDATA[None -> pkg:/glassfish-grizzly-full@2.3.19,0-0:20150919T172825Z
]]></end_state></operation></history>