<?xml version="1.0" encoding="ascii"?>
<history><client name="pkg" version="1.122.2-57.2889"><args><arg><![CDATA[/export/home/BUILD_AREA/workspace/gf-lw-build-release/pkg-toolkit-sunos-sparc/pkg/bin/client.py]]></arg><arg><![CDATA[image-create]]></arg><arg><![CDATA[-U]]></arg><arg><![CDATA[-a]]></arg><arg><![CDATA[release.glassfish.org=http://localhost:16500/]]></arg><arg><![CDATA[.]]></arg></args></client><operation end_time="20150919T184852Z" name="add-publisher" result="Succeeded" start_time="20150919T184852Z" userid="143" username="java_re"/></history>