<?xml version="1.0" encoding="ascii"?>
<history><client name="pkg" version="1.122.2-57.2889"><args><arg><![CDATA[/export/home/BUILD_AREA/workspace/gf-lw-build-release/pkg-toolkit-sunos-sparc/pkg/bin/client.py]]></arg><arg><![CDATA[install]]></arg><arg><![CDATA[glassfish-grizzly]]></arg></args></client><operation end_time="20150919T184900Z" name="install" result="Succeeded" start_time="20150919T184859Z" userid="143" username="java_re"><start_state><![CDATA[UNEVALUATED:
+pkg:/glassfish-grizzly@2.3.19,0-0:20150919T172716Z
]]></start_state><end_state><![CDATA[None -> pkg:/glassfish-grizzly@2.3.19,0-0:20150919T172716Z
]]></end_state></operation></history>