<?xml version="1.0" encoding="ascii"?>
<history><client name="pkg" version="1.122.2-57.2889"><args><arg><![CDATA[/export/home/BUILD_AREA/workspace/gf-lw-build-release/pkg-toolkit-sunos-sparc/pkg/bin/client.py]]></arg><arg><![CDATA[install]]></arg><arg><![CDATA[glassfish-jmx]]></arg></args></client><operation end_time="20150919T185616Z" name="install" result="Nothing to do" start_time="20150919T185616Z" userid="143" username="java_re"><start_state><![CDATA[UNEVALUATED:
]]></start_state></operation></history>