<?xml version="1.0" encoding="ascii"?>
<history><client name="pkg" version="1.122.2-57.2889"><args><arg><![CDATA[/export/home/BUILD_AREA/workspace/gf-lw-build-release/pkg-toolkit-sunos-sparc/pkg/bin/client.py]]></arg><arg><![CDATA[install]]></arg><arg><![CDATA[javadb-core]]></arg></args></client><operation end_time="20150919T185624Z" name="install" result="Succeeded" start_time="20150919T185623Z" userid="143" username="java_re"><start_state><![CDATA[UNEVALUATED:
+pkg:/javadb-core@10.10.2.0,5.11:20140522T185511Z
]]></start_state><end_state><![CDATA[None -> pkg:/javadb-core@10.10.2.0,5.11:20140522T185511Z
]]></end_state></operation></history>