<?xml version="1.0" encoding="ascii"?>
<history><client name="pkg" version="1.122.2-57.2889"><args><arg><![CDATA[/export/home/BUILD_AREA/workspace/gf-lw-build-release/pkg-toolkit-sunos-sparc/pkg/bin/client.py]]></arg><arg><![CDATA[install]]></arg><arg><![CDATA[glassfish-jsf]]></arg></args></client><operation end_time="20150919T185612Z" name="install" result="Succeeded" start_time="20150919T185611Z" userid="143" username="java_re"><start_state><![CDATA[UNEVALUATED:
+pkg:/glassfish-jsf@2.2.12,0-0:20150919T173253Z
]]></start_state><end_state><![CDATA[None -> pkg:/glassfish-jsf@2.2.12,0-0:20150919T173253Z
]]></end_state></operation></history>