<?xml version="1.0" encoding="ascii"?>
<history><client name="pkg" version="1.122.2-57.2889"><args><arg><![CDATA[/export/home/BUILD_AREA/workspace/gf-lw-build-release/pkg-toolkit-sunos-sparc/pkg/bin/client.py]]></arg><arg><![CDATA[set-authority]]></arg><arg><![CDATA[--no-refresh]]></arg><arg><![CDATA[-P]]></arg><arg><![CDATA[-O]]></arg><arg><![CDATA[http://localhost:16500/]]></arg><arg><![CDATA[release.glassfish.org]]></arg></args></client><operation end_time="20150919T184856Z" name="set-preferred-publisher" result="Succeeded" start_time="20150919T184856Z" userid="143" username="java_re"/></history>