<?xml version="1.0" encoding="ascii"?>
<history><client name="pkg" version="1.122.2-57.2889"><args><arg><![CDATA[/export/home/BUILD_AREA/workspace/gf-lw-build-release/pkg-toolkit-sunos-sparc/pkg/bin/client.py]]></arg><arg><![CDATA[install]]></arg><arg><![CDATA[glassfish-jdbc]]></arg></args></client><operation end_time="20150919T184917Z" name="install" result="Succeeded" start_time="20150919T184917Z" userid="143" username="java_re"><start_state><![CDATA[UNEVALUATED:
+pkg:/glassfish-jdbc@4.1.1,0-1:20150919T173019Z
]]></start_state><end_state><![CDATA[None -> pkg:/glassfish-jdbc@4.1.1,0-1:20150919T173019Z
]]></end_state></operation></history>