<?xml version="1.0" encoding="ascii"?>
<history><client name="pkg" version="1.122.2-57.2889"><args><arg><![CDATA[/export/home/BUILD_AREA/workspace/gf-lw-build-release/pkg-toolkit-sunos-sparc/pkg/bin/client.py]]></arg><arg><![CDATA[install]]></arg><arg><![CDATA[shoal]]></arg></args></client><operation end_time="20150919T184905Z" name="install" result="Succeeded" start_time="20150919T184905Z" userid="143" username="java_re"><start_state><![CDATA[UNEVALUATED:
+pkg:/shoal@1.6.18,0-0:20150919T174908Z
]]></start_state><end_state><![CDATA[None -> pkg:/shoal@1.6.18,0-0:20150919T174908Z
]]></end_state></operation></history>