<?xml version="1.0" encoding="ascii"?>
<history><client name="pkg" version="1.122.2-57.2889"><args><arg><![CDATA[/export/home/BUILD_AREA/workspace/gf-lw-build-release/pkg-toolkit-sunos-sparc/pkg/bin/client.py]]></arg><arg><![CDATA[install]]></arg><arg><![CDATA[json]]></arg></args></client><operation end_time="20150919T185602Z" name="install" result="Succeeded" start_time="20150919T185602Z" userid="143" username="java_re"><start_state><![CDATA[UNEVALUATED:
+pkg:/json@1.0,0-0.1:20150919T174957Z
]]></start_state><end_state><![CDATA[None -> pkg:/json@1.0,0-0.1:20150919T174957Z
]]></end_state></operation></history>