<?xml version="1.0" encoding="ascii"?>
<history><client name="pkg" version="1.122.2-57.2889"><args><arg><![CDATA[/export/home/BUILD_AREA/workspace/gf-lw-build-release/pkg-toolkit-sunos-sparc/pkg/bin/client.py]]></arg><arg><![CDATA[install]]></arg><arg><![CDATA[javadb-client]]></arg></args></client><operation end_time="20150919T185626Z" name="install" result="Succeeded" start_time="20150919T185625Z" userid="143" username="java_re"><start_state><![CDATA[UNEVALUATED:
+pkg:/javadb-client@10.10.2.0,5.11:20140522T185510Z
]]></start_state><end_state><![CDATA[None -> pkg:/javadb-client@10.10.2.0,5.11:20140522T185510Z
]]></end_state></operation></history>