<?xml version="1.0" encoding="ascii"?>
<history><client name="pkg" version="1.122.2-57.2889"><args><arg><![CDATA[/export/home/BUILD_AREA/workspace/gf-lw-build-release/pkg-toolkit-sunos-sparc/pkg/bin/client.py]]></arg><arg><![CDATA[install]]></arg><arg><![CDATA[pkg-java]]></arg></args></client><operation end_time="20150919T184924Z" name="install" result="Succeeded" start_time="20150919T184919Z" userid="143" username="java_re"><start_state><![CDATA[UNEVALUATED:
+pkg://release.native.glassfish.org/pkg-java@1.122,0-57.2889:20140626T235831Z
]]></start_state><end_state><![CDATA[None -> pkg://release.native.glassfish.org/pkg-java@1.122,0-57.2889:20140626T235831Z
]]></end_state></operation></history>